,RMSE,MAE
GAZP.ME,0.04266444326846338,0.02081884686202237
LKOH.ME,0.042928029476027633,0.019868573202002603
ROSN.ME,0.046041733084503156,0.01991427373312646
