,RMSE,MAE
NLMK.ME,0.02844325228292373,0.01644908492955491
GMKN.ME,0.024370925834600914,0.014001840724352139
CHMF.ME,0.03447005171603882,0.018370256653488872
