,RMSE,MAE
SBER.ME,0.06778381876097787,0.03172492544280554
VTBR.ME,0.05872073543939262,0.028232307489806988
TCSG.ME,0.08126141343352648,0.04558477437533394
