,RMSE,MAE
XOM,0.015758290599460427,0.011703740788705133
CVX,0.017097374198144444,0.011900169871366799
COP,0.02315332703564299,0.01615695653036314
