,RMSE,MAE
WMT,0.016645337337941768,0.011124764022799345
COST,0.01415193723118462,0.009912561612163289
TGT,0.022449114205752345,0.01632256279011777
