,RMSE,MAE
AAPL,0.021742536718432976,0.014011050665562665
MSFT,0.01557877355234433,0.010665877483742788
NVDA,0.029567165673176108,0.020981594580682446
